{"credit":"Made with Blockbench","texture_size":[64,64],"textures":{"0":"new_create:block/soler_panel","particle":"new_create:block/soler_panel"},"elements":[{"from":[10.9,0,11.6],"to":[11.9,1,13.6],"rotation":{"angle":45,"axis":"y","origin":[10.9,0,11.6]},"faces":{"north":{"uv":[0.5,3.75,0.75,4],"texture":"#0"},"east":{"uv":[0,3.75,0.5,4],"texture":"#0"},"south":{"uv":[1.25,3.75,1.5,4],"texture":"#0"},"west":{"uv":[0.75,3.75,1.25,4],"texture":"#0"},"up":{"uv":[0.75,3.75,0.5,3.25],"texture":"#0"},"down":{"uv":[1,3.25,0.75,3.75],"texture":"#0"}}},{"from":[3,0,3.7],"to":[4,1,5.7],"rotation":{"angle":45,"axis":"y","origin":[3,0,3.7]},"faces":{"north":{"uv":[0.5,2.5,0.75,2.75],"texture":"#0"},"east":{"uv":[0,2.5,0.5,2.75],"texture":"#0"},"south":{"uv":[1.25,2.5,1.5,2.75],"texture":"#0"},"west":{"uv":[0.75,2.5,1.25,2.75],"texture":"#0"},"up":{"uv":[0.75,2.5,0.5,2],"texture":"#0"},"down":{"uv":[1,2,0.75,2.5],"texture":"#0"}}},{"from":[12.3,0,3],"to":[13.3,1,5],"rotation":{"angle":-45,"axis":"y","origin":[12.3,0,3]},"faces":{"north":{"uv":[2,2.25,2.25,2.5],"texture":"#0"},"east":{"uv":[1.5,2.25,2,2.5],"texture":"#0"},"south":{"uv":[2.75,2.25,3,2.5],"texture":"#0"},"west":{"uv":[2.25,2.25,2.75,2.5],"texture":"#0"},"up":{"uv":[2.25,2.25,2,1.75],"texture":"#0"},"down":{"uv":[2.5,1.75,2.25,2.25],"texture":"#0"}}},{"from":[4.4,0,10.9],"to":[5.4,1,12.9],"rotation":{"angle":-45,"axis":"y","origin":[4.4,0,10.9]},"faces":{"north":{"uv":[1.75,1.5,2,1.75],"texture":"#0"},"east":{"uv":[1.25,1.5,1.75,1.75],"texture":"#0"},"south":{"uv":[2.5,1.5,2.75,1.75],"texture":"#0"},"west":{"uv":[2,1.5,2.5,1.75],"texture":"#0"},"up":{"uv":[2,1.5,1.75,1],"texture":"#0"},"down":{"uv":[2.25,1,2,1.5],"texture":"#0"}}},{"from":[4,1,4],"to":[12,2,12],"rotation":{"angle":0,"axis":"y","origin":[4,1,4]},"faces":{"north":{"uv":[2,5.25,4,5.5],"texture":"#0"},"east":{"uv":[0,5.25,2,5.5],"texture":"#0"},"south":{"uv":[6,5.25,8,5.5],"texture":"#0"},"west":{"uv":[4,5.25,6,5.5],"texture":"#0"},"up":{"uv":[4,5.25,2,3.25],"texture":"#0"},"down":{"uv":[6,3.25,4,5.25],"texture":"#0"}}},{"from":[7.5,0.8,7.35],"to":[8.5,1.8,10.65],"rotation":{"angle":-45,"axis":"x","origin":[7.5,1.8,7.5]},"faces":{"north":{"uv":[0.75,1.75,1,2],"rotation":180,"texture":"#0"},"east":{"uv":[0,1.75,0.75,2],"rotation":270,"texture":"#0"},"south":{"uv":[1.75,1.75,2,2],"texture":"#0"},"west":{"uv":[1,1.75,1.75,2],"rotation":90,"texture":"#0"},"up":{"uv":[1,1.75,0.75,1],"rotation":180,"texture":"#0"},"down":{"uv":[1.25,1,1,1.75],"texture":"#0"}}},{"from":[7.5,3.95,6.9],"to":[8.5,6.25,7.9],"rotation":{"angle":-45,"axis":"x","origin":[7.5,7.1,7.9]},"faces":{"north":{"uv":[2.25,0.25,2.5,0.75],"rotation":180,"texture":"#0"},"east":{"uv":[2,0.25,2.25,0.75],"rotation":180,"texture":"#0"},"south":{"uv":[2.75,0.25,3,0.75],"rotation":180,"texture":"#0"},"west":{"uv":[2.5,0.25,2.75,0.75],"rotation":180,"texture":"#0"},"up":{"uv":[2.5,0.25,2.25,0],"texture":"#0"},"down":{"uv":[2.75,0,2.5,0.25],"texture":"#0"}}},{"from":[2,6.2,2.05],"to":[14,7.2,14.05],"rotation":{"angle":-22.5,"axis":"x","origin":[9,7,10.2]},"faces":{"north":{"uv":[3,3,6,3.25],"rotation":180,"texture":"#0"},"east":{"uv":[0,3,3,3.25],"rotation":270,"texture":"#0"},"south":{"uv":[9,3,12,3.25],"texture":"#0"},"west":{"uv":[6,3,9,3.25],"rotation":90,"texture":"#0"},"up":{"uv":[6,3,3,0],"rotation":180,"texture":"#0"},"down":{"uv":[9,0,6,3],"texture":"#0"}}},{"from":[7,4.1,9],"to":[9,6.1,11],"rotation":{"angle":45,"axis":"x","origin":[9.5,4.1,9]},"faces":{"north":{"uv":[0.5,0.5,1,1],"rotation":90,"texture":"#0"},"east":{"uv":[0,0.5,0.5,1],"rotation":270,"texture":"#0"},"south":{"uv":[1.5,0.5,2,1],"rotation":270,"texture":"#0"},"west":{"uv":[1,0.5,1.5,1],"rotation":270,"texture":"#0"},"up":{"uv":[1,0.5,0.5,0],"rotation":270,"texture":"#0"},"down":{"uv":[1.5,0,1,0.5],"rotation":270,"texture":"#0"}}}],"display":{"thirdperson_righthand":{"rotation":[75,45,0],"translation":[0,2.5,0],"scale":[0.375,0.375,0.375]},"thirdperson_lefthand":{"rotation":[75,45,0],"translation":[0,2.5,0],"scale":[0.375,0.375,0.375]},"firstperson_righthand":{"rotation":[0,45,0],"translation":[0,2.5,0],"scale":[0.4,0.4,0.4]},"firstperson_lefthand":{"rotation":[0,225,0],"translation":[0,2.5,0],"scale":[0.4,0.4,0.4]},"ground":{"translation":[0,3,0],"scale":[0.25,0.25,0.25]},"gui":{"rotation":[30,225,0],"translation":[0,1.75,0],"scale":[0.90625,0.90625,0.90625]},"fixed":{"scale":[0.5,0.5,0.5]}},"groups":[{"name":"group","origin":[4.4,0,10.9],"color":0,"children":[0,1,2,3]},{"name":"group","origin":[8,8,8],"color":0,"children":[4]},{"name":"group","origin":[8,8,8],"color":0,"children":[5,6,7,8]}]}