{"credit":"Made with Blockbench","textures":{"0":"new_create:block/custom_machine/brain_electric_extractor/top2","1":"new_create:block/custom_machine/brain_electric_extractor/off","2":"new_create:block/custom_machine/brain_electric_extractor/top","3":"edenring:block/copper_framed_brain_tree_log_side","4":"edenring:block/copper_framed_brain_tree_log_top","particle":"new_create:block/custom_machine/brain_electric_extractor/top2"},"elements":[{"from":[0,0,0],"to":[16,8,16],"faces":{"north":{"uv":[0,8,16,16],"texture":"#1"},"east":{"uv":[0,8,16,16],"texture":"#1"},"south":{"uv":[0,8,16,16],"texture":"#1"},"west":{"uv":[0,8,16,16],"texture":"#1"},"up":{"uv":[0,0,16,16],"texture":"#0"},"down":{"uv":[0,0,16,16],"texture":"#0"}}},{"from":[2,8,2],"to":[14,14,14],"rotation":{"angle":0,"axis":"y","origin":[2,8,2]},"faces":{"north":{"uv":[2,2,14,8],"texture":"#1"},"east":{"uv":[2,2,14,8],"texture":"#1"},"south":{"uv":[2,2,14,8],"texture":"#1"},"west":{"uv":[2,2,14,8],"texture":"#1"},"up":{"uv":[2,2,14,14],"texture":"#2"},"down":{"uv":[0,0,12,12],"texture":"#missing"}}},{"from":[1.5,10,1.5],"to":[4,14.5,4],"rotation":{"angle":0,"axis":"y","origin":[2,14,2]},"faces":{"north":{"uv":[0,0,3,4.5],"texture":"#3"},"east":{"uv":[0,0,3,4.5],"texture":"#3"},"south":{"uv":[0,0,3,4.5],"texture":"#3"},"west":{"uv":[0,0,3,4.5],"texture":"#3"},"up":{"uv":[0,0,3,3],"texture":"#4"},"down":{"uv":[0,0,3,3],"texture":"#3"}}},{"from":[1.5,10,12],"to":[4,14.5,14.5],"rotation":{"angle":0,"axis":"y","origin":[2,14,12.5]},"faces":{"north":{"uv":[0,0,3,4.5],"texture":"#3"},"east":{"uv":[0,0,3,4.5],"texture":"#3"},"south":{"uv":[0,0,3,4.5],"texture":"#3"},"west":{"uv":[0,0,3,4.5],"texture":"#3"},"up":{"uv":[0,3,3,0],"texture":"#4"},"down":{"uv":[0,0,3,3],"texture":"#4"}}},{"from":[12,10,12],"to":[14.5,14.5,14.5],"rotation":{"angle":0,"axis":"y","origin":[12.5,14,12.5]},"faces":{"north":{"uv":[0,0,3,4.5],"texture":"#3"},"east":{"uv":[0,0,3,4.5],"texture":"#3"},"south":{"uv":[0,0,3,4.5],"texture":"#3"},"west":{"uv":[0,0,3,4.5],"texture":"#3"},"up":{"uv":[3,3,0,0],"texture":"#4"},"down":{"uv":[0,0,3,3],"texture":"#4"}}},{"from":[12,10,1.5],"to":[14.5,14.5,4],"rotation":{"angle":0,"axis":"y","origin":[12.5,14,2]},"faces":{"north":{"uv":[0,0,3,4.5],"texture":"#3"},"east":{"uv":[0,0,3,4.5],"texture":"#3"},"south":{"uv":[0,0,3,4.5],"texture":"#3"},"west":{"uv":[0,0,3,4.5],"texture":"#3"},"up":{"uv":[3,0,0,3],"texture":"#3"},"down":{"uv":[0,0,3,3],"texture":"#4"}}}],"display":{"thirdperson_righthand":{"rotation":[75,45,0],"translation":[0,2.5,0],"scale":[0.375,0.375,0.375]},"thirdperson_lefthand":{"rotation":[75,45,0],"translation":[0,2.5,0],"scale":[0.375,0.375,0.375]},"firstperson_righthand":{"rotation":[0,45,0],"scale":[0.4,0.4,0.4]},"firstperson_lefthand":{"rotation":[0,225,0],"scale":[0.4,0.4,0.4]},"ground":{"translation":[0,3,0],"scale":[0.25,0.25,0.25]},"gui":{"rotation":[30,225,0],"scale":[0.625,0.625,0.625]},"fixed":{"scale":[0.5,0.5,0.5]}}}